<?xml version="1.0"?>
<!DOCTYPE hibernate-mapping PUBLIC "-//Hibernate/Hibernate Mapping DTD 3.0//EN"
"http://www.hibernate.org/dtd/hibernate-mapping-3.0.dtd">
<!-- Generated 1 avr. 2016 18:23:30 by Hibernate Tools 4.3.1 -->
<hibernate-mapping>
    <class name="fr.utbm.formation.entity.CourseSession" table="COURSE_SESSION" schema="KBM" optimistic-lock="version">
        <id name="id" type="int">
            <column name="ID" />
            <generator class="assigned" />
        </id>
        <property name="startDate" type="date">
            <column name="START_DATE" length="10" not-null="true" />
        </property>
        <property name="endDate" type="date">
            <column name="END_DATE" length="10" not-null="true" />
        </property>
        <property name="courseCode" type="char">
            <column name="COURSE_CODE" length="1" not-null="true" />
        </property>
        <property name="locationId" type="int">
            <column name="LOCATION_ID" not-null="true" />
        </property>
    </class>
</hibernate-mapping>
