<?xml version="1.0"?>
<!DOCTYPE hibernate-mapping PUBLIC "-//Hibernate/Hibernate Mapping DTD 3.0//EN"
"http://www.hibernate.org/dtd/hibernate-mapping-3.0.dtd">
<!-- Generated 1 avr. 2016 18:23:30 by Hibernate Tools 4.3.1 -->
<hibernate-mapping>
    <class name="fr.utbm.formation.entity.Course" table="COURSE" schema="KBM" optimistic-lock="version">
        <id name="code" type="char">
            <column name="CODE" length="1" />
            <generator class="assigned" />
        </id>
        <property name="title" type="char">
            <column name="TITLE" length="1" not-null="true" />
        </property>
    </class>
</hibernate-mapping>
