<?xml version="1.0" encoding="UTF-8"?>
<!DOCTYPE hibernate-configuration PUBLIC "-//Hibernate/Hibernate Configuration DTD 3.0//EN" "http://hibernate.sourceforge.net/hibernate-configuration-3.0.dtd">
<hibernate-configuration>
  <session-factory>
    <property name="hibernate.dialect">org.hibernate.dialect.DerbyDialect</property>
    <property name="hibernate.connection.driver_class">org.apache.derby.jdbc.ClientDriver</property>
    <property name="hibernate.connection.url">jdbc:derby://localhost:1527/FORMATION</property>
    <property name="hibernate.connection.username">kbm</property>
    <property name="hibernate.connection.password">kbm</property>
    <property name="show_sql">true</property>
    <property name="format_sql">true</property>
    <property name="hbm2ddl.auto">update</property>
    
    <mapping resource="fr/utbm/formation/entity/CourseSession.hbm.xml"/>
    <mapping resource="fr/utbm/formation/entity/Client.hbm.xml"/>
    <mapping resource="fr/utbm/formation/entity/Location.hbm.xml"/>
    <mapping resource="fr/utbm/formation/entity/Course.hbm.xml"/>
  </session-factory>
</hibernate-configuration>
